<?xml version="1.0" encoding="UTF-8"?>
<Config>
	<Jobs>
		<Path>c:\JoTS\Jobs\</Path>
	</Jobs>
	<Templates>
		<Zebra>
			<Templates_Folder>c:\JoTS\Zebra Printer Templates\</Templates_Folder>
			<Templates_Extension>zpl</Templates_Extension>
		</Zebra>
	</Templates>
	<TCPAddress>127.0.0.1</TCPAddress>
	<TCPPort>0</TCPPort>
	<BaselinePrinterSettingsPath>c:\JoTS\Config\</BaselinePrinterSettingsPath>
	<BaselinePrinterSettingsFileName>BaselinePrinterSettings.dat</BaselinePrinterSettingsFileName>
	<LastPrinterSettingsPath>c:\JoTS\Config\</LastPrinterSettingsPath>
	<LastPrinterSettingsFileName>LastPrinterSettings.dat</LastPrinterSettingsFileName>
	<MorphorSerialPort>
		<Name>COM1</Name>
		<BaudRate>115200</BaudRate>
		<Parity>None</Parity>
		<WordLength>8</WordLength>
		<Stopbits>1</Stopbits>
	</MorphorSerialPort>
	<MorphorBCScanner>
		<Enabled>Yes</Enabled>
		<ID>S1</ID>
		<PreReadDelay>1000</PreReadDelay>
		<PostReadTimeOut>2000</PostReadTimeOut>
	</MorphorBCScanner>
	<MorphorAuxScanner>
		<ID>2</ID>
		<PreReadDelay>1000</PreReadDelay>
		<PostReadTimeOut>2000</PostReadTimeOut>
	</MorphorAuxScanner>
	<SupportRotation>FALSE</SupportRotation>
	<PrintTimeOut>6</PrintTimeOut>
	<ScannerTimeOut>7</ScannerTimeOut>
	<MorphorTimeOut>8</MorphorTimeOut>
	<MorphorCommType>Serial</MorphorCommType>
	<PromptUserForLabelQty>No</PromptUserForLabelQty>
	<NumberBases index="Date=TBA">
		<Base>
			<Name>Base10</Name>
			<Table>0123456789</Table>
		</Base>
		<Base>
			<Name>Base16</Name>
			<Table>0123456789ABCDEF</Table>
		</Base>
		<Base>
			<Name>Base26</Name>
			<Table>ABCDEFGHIJKLMNOPQRSTUVWXYZ</Table>
		</Base>
		<Base>
			<Name>Base36</Name>
			<Table>0123456789ABCDEFGHIJKLMNOPQRSTUVWXYZ</Table>
		</Base>
	</NumberBases>
	<ZebraFrontPanelSetting index="1">
		<Name>Darkness</Name>
		<Description>Media Darkness</Description>
		<ZPLCmd>~SD</ZPLCmd>
		<ZPLArgs>1</ZPLArgs>
	</ZebraFrontPanelSetting>
	<ZebraFrontPanelSetting index="2">
		<Name>Tear Off</Name>
		<Description>Tear Off</Description>
		<ZPLCmd>~TA</ZPLCmd>
		<ZPLArgs>1</ZPLArgs>
	</ZebraFrontPanelSetting>
	<ZebraFrontPanelSetting index="3">
		<Name>Print Mode</Name>
		<Description>Applicato</Description>
		<ZPLCmd>^MM</ZPLCmd>
		<ZPLArgs>1</ZPLArgs>
	</ZebraFrontPanelSetting>
	<ZebraFrontPanelSetting index="4">
		<Name>Media Type</Name>
		<Description>Continuous</Description>
		<ZPLCmd>^MN</ZPLCmd>
		<ZPLArgs>1</ZPLArgs>
	</ZebraFrontPanelSetting>
	<ZebraFrontPanelSetting index="5">
		<Name>Print Method</Name>
		<Description>Thermal or Direct</Description>
		<ZPLCmd>^MT</ZPLCmd>
		<ZPLArgs>1</ZPLArgs>
	</ZebraFrontPanelSetting>
	<ZebraFrontPanelSetting index="6">
		<Name>Print  Width</Name>
		<Description>Width</Description>
		<ZPLCmd>^PW</ZPLCmd>
		<ZPLArgs>1</ZPLArgs>
	</ZebraFrontPanelSetting>
	<ZebraFrontPanelSetting index="7">
		<Name>Label Length</Name>
		<Description>Label Length</Description>
		<ZPLCmd>^LL</ZPLCmd>
		<ZPLArgs>1</ZPLArgs>
	</ZebraFrontPanelSetting>
	<ZebraFrontPanelSetting index="8">
		<Name>Baud</Name>
		<Description>Baud Rate</Description>
		<ZPLCmd>^SC</ZPLCmd>
		<ZPLArgs>1</ZPLArgs>
	</ZebraFrontPanelSetting>
	<ZebraFrontPanelSetting index="9">
		<Name>Data Bits</Name>
		<Description>Data Bits</Description>
		<ZPLCmd>^SC</ZPLCmd>
		<ZPLArgs>2</ZPLArgs>
	</ZebraFrontPanelSetting>
	<ZebraFrontPanelSetting index="10">
		<Name>Parity</Name>
		<Description>Error Checking</Description>
		<ZPLCmd>^SC</ZPLCmd>
		<ZPLArgs>3</ZPLArgs>
	</ZebraFrontPanelSetting>
	<ZebraFrontPanelSetting index="11">
		<Name>Parity</Name>
		<Description>Error Checking</Description>
		<ZPLCmd>^SC</ZPLCmd>
		<ZPLArgs>3</ZPLArgs>
	</ZebraFrontPanelSetting>
	<ZebraFrontPanelSetting index="12">
		<Name>Stop Bits</Name>
		<Description>Error Checking</Description>
		<ZPLCmd>^SC</ZPLCmd>
		<ZPLArgs>4</ZPLArgs>
	</ZebraFrontPanelSetting>
	<ZebraFrontPanelSetting index="13">
		<Name>Host Handshake</Name>
		<Description>Data Flow Control</Description>
		<ZPLCmd>^SC</ZPLCmd>
		<ZPLArgs>5</ZPLArgs>
	</ZebraFrontPanelSetting>
	<ZebraFrontPanelSetting index="14">
		<Name>Left Position</Name>
		<Description>Left Position</Description>
		<ZPLCmd>^LH</ZPLCmd>
		<ZPLArgs>1</ZPLArgs>
	</ZebraFrontPanelSetting>
	<ZebraFrontPanelSetting index="15">
		<Name>Head Resistor</Name>
		<Description>Head Resistor</Description>
		<ZPLCmd>^SR</ZPLCmd>
		<ZPLArgs>1</ZPLArgs>
	</ZebraFrontPanelSetting>
	<ZebraFrontPanelSetting index="16">
		<Name>Verifier Port</Name>
		<Description>Verifier Port On Or Off</Description>
		<ZPLCmd>^JJ</ZPLCmd>
		<ZPLArgs>1</ZPLArgs>
	</ZebraFrontPanelSetting>
	<ZebraFrontPanelSetting index="17">
		<Name>Applicator Port</Name>
		<Description>Applicator Port On Or Off</Description>
		<ZPLCmd>^JJ</ZPLCmd>
		<ZPLArgs>2</ZPLArgs>
	</ZebraFrontPanelSetting>
	<DialogBoxes>
		<JobWizardStep2>
			<OptionalField1>
				<Name>Optional 1</Name>
			</OptionalField1>
			<OptionalField2>
				<Name>Optional 2</Name>
			</OptionalField2>
		</JobWizardStep2>
	</DialogBoxes>
	<Options>
		<UseODBC>No</UseODBC>
	</Options>
	<ToolTips>
		<Gradient1>16710068</Gradient1>
		<Gradient2>16052108</Gradient2>
		<Gradient3>15392540</Gradient3>
		<StyleSheet><![CDATA[body {font-size: 10pt; color:black; font-family:Verdana}p{font-size: 10pt; color:black; font-family:Verdana; font-weight:bold}h1 {font-size: 14pt; color:black; font-family:Verdana; font-weight:bold}h2 {font-size: 13pt; color:blue; font-family:Verdana; font-weight:bold}h3 {font-size: 12pt; color:#ff9900; font-family:Arial; font-weight:bold}h4 {font-size: 10pt; color:black; font-family:Verdana; font-weight:bold}h5{font-size: 9pt; color:#ff9900; font-family:Verdana; font-weight:bold}h6 {font-size: 65%; color:#626262; font-family:Verdana; font-weight:normal}pre {font-size: 9pt; font-family:"Courier"; background-color:#fbedbb}code {color:#990000; font-family:Arial}a:link {text-decoration:none; color:blue}a:hover {text-decoration:underline; color:blue}sub {font-size:65%; vertical-align:bottom}sup {font-size:65%; vertical-align:top}big {font-size:125%}small {font-size:75%}.cpp-comment {color:green; font-style:italic}]]></StyleSheet>
		<JobWizard1>
			<JobName><![CDATA[<t>must be unique;<br><t>longer than six characters in length;<br>]]></JobName>
			<Company><![CDATA[<t>maximum 80 characters in length<br><t>optional field<br>]]></Company>
			<Product><![CDATA[<table><tr><td><icon idres=142 width=48 height=48></td><td><center><h2>Job Wizard</h2></center><br><hr color=green><br><font color=red size=12pt style=b>Product:</font><br><t> - maximum 80 characters in length;<br><t> - optional field <br></td></tr></table>]]></Product>
			<NumberOfLabels><![CDATA[<table><tr><td><icon idres=142 width=48 height=48></td><td><center><h2>Job Wizard</h2></center><br><hr color=green><br><font color=red size=12pt style=b>Number Of Labels:</font><br><t> - maximum = 10, - minimum = 1<br></td></tr></table>]]></NumberOfLabels>
			<AutoReprints><![CDATA[<table><tr><td><icon idres=142 width=48 height=48></td><td><center><h2>Job Wizard</h2></center><br><hr color=green><br><font color=red size=12pt style=b>Number Of Reprints:</font><br><t> - maximum = 5, - minimum = 0<br></td></tr></table>]]></AutoReprints>
			<AutoRescans><![CDATA[<table><tr><td><icon idres=142 width=48 height=48></td><td><center><h2>Job Wizard</h2></center><br><hr color=green><br><font color=red size=12pt style=b>Number Of Rescans:</font><br><t> - maxmium = 5, minimum = 0<br></td></tr></table>]]></AutoRescans>
			<LogData><![CDATA[<table><tr><td><icon idres=142 width=48 height=48></td><td><center><h2>Job Wizard</h2></center><br><hr color=green><br><font color=red size=12pt style=b>Log Data:</font><br><t> - Creates An XML File;<br><t> - timestamped <br></td></tr></table>]]></LogData>
		</JobWizard1>
		<JobWizard2>
			<LabelID><![CDATA[<table><tr><td><icon idres=142 width=48 height=48></td><td><center><h2>Job Wizard</h2></center><br><hr color=green><br><font color=red size=12pt style=b>Label ID:</font><br><t> - Print Order Or Position<br><t> - e.g. (1,2,3..) or (Top, Bottom, Left or Right)<br><br><h3>Note:</h3><br><h4>More Than One Label Requires Automatic<br>Or ManualMaterial Handling</h4><br></td></tr></table>]]></LabelID>
			<TemplateTIP><![CDATA[<table><tr><td><icon idres=142 width=48 height=48></td><td><center><h2>Job Wizard</h2></center><br><hr color=green><br><font color=red size=12pt style=b>Select Template:</font><br><t> - Select A Template From The List Box<br><t> - Current Selection Is Displayed <br><t> - Press The \"View\" Button To Examine Highlighted Template <br></td></tr></table>]]></TemplateTIP>
			<TemplateView><![CDATA[<table><tr><td><icon idres=142 width=48 height=48></td><td><center><h2>Job Wizard</h2></center><br><hr color=green><br><font color=red size=12pt style=b>View Template:</font><br><t> - Press View Button To Examine Template<br><t> - Current Selection Is Displayed <br><t> - Template Is Not Editable <br></td></tr></table>]]></TemplateView>
			<NumberOfLabels><![CDATA[<table><tr><td><icon idres=142 width=48 height=48></td><td><center><h2>Job Wizard</h2></center><br><hr color=green><br><font color=red size=12pt style=b>Number Of Labels:</font><br><t> - maximum = 10, - minimum = 1<br></td></tr></table>]]></NumberOfLabels>
			<AutoReprints><![CDATA[<table><tr><td><icon idres=142 width=48 height=48></td><td><center><h2>Job Wizard</h2></center><br><hr color=green><br><font color=red size=12pt style=b>Number Of Reprints:</font><br><t> - maximum = 5, - minimum = 0<br></td></tr></table>]]></AutoReprints>
			<AutoRescans><![CDATA[<table><tr><td><icon idres=142 width=48 height=48></td><td><center><h2>Job Wizard</h2></center><br><hr color=green><br><font color=red size=12pt style=b>Number Of Rescans:</font><br><t> - maxmium = 5, minimum = 0<br></td></tr></table>]]></AutoRescans>
			<LogData><![CDATA[<table><tr><td><icon idres=142 width=48 height=48></td><td><center><h2>Job Wizard</h2></center><br><hr color=green><br><font color=red size=12pt style=b>Log Data:</font><br><t> - Creates An XML File;<br><t> - timestamped <br></td></tr></table>]]></LogData>
		</JobWizard2>
		<JobWizard3>
			<NumberofDataFactories><![CDATA[<table><tr><td><icon idres=142 width=48 height=48></td><td><center><h2>Job Wizard</h2></center><br><hr color=green><br><font color=red size=12pt style=b>Number Of Data Factories:</font><br><t> - Indicates How Many Index Counters Are Required<br><t> - Maximum Supported, One Per Label<br></td></tr></table>]]></NumberofDataFactories>
			<SerializedDataOption><![CDATA[<table><tr><td><icon idres=142 width=48 height=48></td><td><center><h2>Serialized Data</h2></center><br><hr color=green><br><font color=red size=12pt style=b>Number Of Data Factories:</font><br><t>Enable If Job Is To Have Serialized Data<br></td></tr></table>]]></SerializedDataOption>
		</JobWizard3>
		<DataFactoryDlg>
			<Name><![CDATA[<table><tr><td><icon idres=142 width=48 height=48></td><td><center><h2>Data Factory Name</h2></center><br><hr color=green><br><font color=red size=12pt style=b>Purpose:</font><br><t>Named Referened By Bar Code Variable<br><t>xxx<br></td></tr></table>]]></Name>
			<IsSerializedData><![CDATA[<table><tr><td><icon idres=142 width=48 height=48></td><td><center><h2>Static/Fixed Value </h2></center><br><hr color=green><br><font color=red size=12pt style=b>Purpose:</font><br><t>Enable If Variable Is To Indexed<br></td></tr></table>]]></IsSerializedData>
			<AllowDuplicates><![CDATA[<table><tr><td><icon idres=142 width=48 height=48></td><td><center><h2>Allow Duplicates</h2></center><br><hr color=green><br><font color=red size=12pt style=b>Purpose:</font><br><p>If enabled, JOTS will print a new serial number.<br>If disabled, JoTS will generate a new serial number each time<br>a label is printed.</p></td></tr></table>]]></AllowDuplicates>
			<StartingSequenceNumber><![CDATA[<table><tr><td><icon idres=142 width=48 height=48></td><td><center><h2>Starting Sequence Number</h2></center><br><hr color=green><br><font color=red size=12pt style=b>Purpose:</font><br><t>Defines the starting point of the serialization<br><t>If the data factory is static...</td></tr></table>]]></StartingSequenceNumber>
			<BaseNumberSchema><![CDATA[<table><tr><td><icon idres=142 width=48 height=48></td><td><center><h2>Base Number Schema</h2></center><br><hr color=green><br><font color=red size=12pt style=b>Purpose:</font><br><t>Enable If Variable Is To Indexed<br></td></tr></table>]]></BaseNumberSchema>
			<CheckDigit><![CDATA[<table><tr><td><icon idres=142 width=48 height=48></td><td><center><h2>Check Digit</h2></center><br><hr color=green><br><font color=red size=12pt style=b>Purpose:</font><br><t>Enable If Variable Is To Indexed<br></td></tr></table>]]></CheckDigit>
			<MaximumValue><![CDATA[<table><tr><td><icon idres=142 width=48 height=48></td><td><center><h2>Maximum Value </h2></center><br><hr color=green><br><font color=red size=12pt style=b>Purpose:</font><br><t>Enable If Variable Is To Indexed<br></td></tr></table>]]></MaximumValue>
			<RollOverValue><![CDATA[<table><tr><td><icon idres=142 width=48 height=48></td><td><center><h2>Roll Over Value </h2></center><br><hr color=green><br><font color=red size=12pt style=b>Purpose:</font><br><t>Enable If Variable Is To Indexed<br></td></tr></table>]]></RollOverValue>
			<FieldWidth><![CDATA[<table><tr><td><icon idres=142 width=48 height=48></td><td><center><h2>Field Width</h2></center><br><hr color=green><br><font color=red size=12pt style=b>Purpose:</font><br><t>Enable If Variable Is To Indexed<br></td></tr></table>]]></FieldWidth>
			<StepSize><![CDATA[<table><tr><td><icon idres=142 width=48 height=48></td><td><center><h2>Step Size</h2></center><br><hr color=green><br><font color=red size=12pt style=b>Purpose:</font><br><t>Enable If Variable Is To Indexed<br></td></tr></table>]]></StepSize>
		</DataFactoryDlg>
	</ToolTips>
	<SimulatorMode>
		<Activate>FALSE</Activate>
		<ResponseDelay>1000</ResponseDelay>
	</SimulatorMode>
	<LogData>
	   <FileName>c:\logdata.csv</FileName>	
	</LogData>
	<MaxNumberOfBCVars>1</MaxNumberOfBCVars>
</Config>
