<?xml version="1.0" encoding="UTF-8"?>
<JoTSUsers>
	<Profiles>
		<Profile>
			<Name>Basic</Name>
			<Description>Howdy</Description>
		</Profile>
	</Profiles>
	<User ID="1">
		<Name>Sam</Name>
		<Password>Secret</Password>
		<UserProfile>Basic</UserProfile>
	</User>
	<User ID="2">
		<Name>SamP</Name>
		<Password>SecretP</Password>
		<UserProfile>BasicP</UserProfile>
	</User>
	<User ID="3">
		<Name>mama</Name>
		<Password>ffff</Password>
		<UserProfile>Basic</UserProfile>
	</User>
</JoTSUsers>
