<?xml version="1.0"?>
<!--JoTS XML Job File.-->
<Job created="date">
	<Name>newJob</Name>
	<Company>company name</Company>
	<Product>product description</Product>
	<Reprints>1</Reprints>
	<ReScans>1</ReScans>
	<Label id="0">
		<PrintOrder>1</PrintOrder>
		<TemplateName>test4.zpl</TemplateName>
		<ScanLabel>YES</ScanLabel>
		<VerifyLabel>YES</VerifyLabel>
		<RotationAngle>0</RotationAngle>
	</Label>
	<Label id="1">
		<PrintOrder>2</PrintOrder>
		<TemplateName>test4.zpl</TemplateName>
		<ScanLabel>YES</ScanLabel>
		<VerifyLabel>YES</VerifyLabel>
		<RotationAngle>0</RotationAngle>
	</Label>
	<Label id="2">
		<PrintOrder>3</PrintOrder>
		<TemplateName>test4.zpl</TemplateName>
		<ScanLabel>YES</ScanLabel>
		<VerifyLabel>YES</VerifyLabel>
		<RotationAngle>0</RotationAngle>
	</Label>
	<Data Definition="0">
		<Name>data</Name>
		<BaseNumbering>Base10</BaseNumbering>
		<FieldWidth>6</FieldWidth>
		<StepSize>1</StepSize>
		<StartingSerialNumber>001262</StartingSerialNumber>
		<MaxSequenceValue>9999</MaxSequenceValue>
		<RollOverValue>0</RollOverValue>
		<CheckDigit>NONE</CheckDigit>
		<AllowDuplicates></AllowDuplicates>
		<Static>NO</Static>
	</Data>
	<Data Definition="1">
		<Name>data</Name>
		<BaseNumbering>Base10</BaseNumbering>
		<FieldWidth>6</FieldWidth>
		<StepSize>1</StepSize>
		<StartingSerialNumber>001262</StartingSerialNumber>
		<MaxSequenceValue>9999</MaxSequenceValue>
		<RollOverValue>0</RollOverValue>
		<CheckDigit>NONE</CheckDigit>
		<AllowDuplicates></AllowDuplicates>
		<Static>NO</Static>
	</Data>
	<Template Name="test4.zpl">
		<HumanReadableVariables id="0">
			<Name>zopp2</Name>
			<Prefix></Prefix>
			<Suffix></Suffix>
			<Data>data</Data>
		</HumanReadableVariables>
	</Template>
</Job>
