<?xml version="1.0"?>
<!--JoTS XML Job File.-->
<Job created="date">
	<Name>sdfsdf</Name>
	<Company>Donald Trump</Company>
	<Product>Modest Personality</Product>
	<Reprints>1</Reprints>
	<ReScans>1</ReScans>
	<Data Definition="0">
		<Name>Series1</Name>
		<BaseNumbering>Base10</BaseNumbering>
		<FieldWidth>8</FieldWidth>
		<StepSize>4</StepSize>
		<StartingSerialNumber>014B4C</StartingSerialNumber>
		<MaxSequenceValue>2222</MaxSequenceValue>
		<RollOverValue>33336</RollOverValue>
		<CheckDigit>NONE</CheckDigit>
		<AllowDuplicates>YES</AllowDuplicates>
		<Static>YES</Static>
	</Data>
	<Template Name="test1.zpl">
		<BarCodeVariables Name="0">
			<Name>VAR1</Name>
			<Prefix>pre1</Prefix>
			<Suffix>sux</Suffix>
			<Data>Series1</Data>
		</BarCodeVariables>
		<BarCodeVariables Name="1">
			<Name>VAR2</Name>
			<Prefix></Prefix>
			<Suffix>suf</Suffix>
			<Data>Series1</Data>
		</BarCodeVariables>
		<HumanReadableVariables id="0">
			<Name>VAR3</Name>
			<Prefix>hr1</Prefix>
			<Suffix></Suffix>
			<Data>dsfds</Data>
		</HumanReadableVariables>
		<HumanReadableVariables id="1">
			<Name>VAR4</Name>
			<Prefix>hr4</Prefix>
			<Suffix></Suffix>
			<Data>dsfds</Data>
		</HumanReadableVariables>
		<HumanReadableVariables id="2">
			<Name>VAR5</Name>
			<Prefix></Prefix>
			<Suffix></Suffix>
			<Data>dsfds</Data>
		</HumanReadableVariables>
		<HumanReadableVariables id="3">
			<Name>VAR6</Name>
			<Prefix></Prefix>
			<Suffix></Suffix>
			<Data>dsfds</Data>
		</HumanReadableVariables>
		<HumanReadableVariables id="4">
			<Name>AUX1</Name>
			<Prefix></Prefix>
			<Suffix></Suffix>
			<Data>dsfds</Data>
		</HumanReadableVariables>
	</Template>
	
	
	<Label id="0">
		<PrintOrder>Front</PrintOrder>
		<TemplateName>test1.zpl</TemplateName>
		<ScanLabel>YES</ScanLabel>
		<VerifyLabel>YES</VerifyLabel>
		<RotationAngle>-90</RotationAngle>
	</Label>
	<Label id="1">
		<PrintOrder>Left Side</PrintOrder>
		<TemplateName>test3.zpl</TemplateName>
		<ScanLabel>YES</ScanLabel>
		<VerifyLabel>YES</VerifyLabel>
		<RotationAngle>180</RotationAngle>
	</Label></Job>
