<?xml version="1.0"?>
<!--JoTS XML Job File.-->
<Job created="date">
	<Name>testserialization</Name>
	<Company></Company>
	<Product></Product>
	<Reprints>1</Reprints>
	<ReScans>1</ReScans>
	<Label id="0">
		<PrintOrder>1</PrintOrder>
		<TemplateName>test4.zpl</TemplateName>
		<ScanLabel>NO</ScanLabel>
		<VerifyLabel>NO</VerifyLabel>
		<RotationAngle>0</RotationAngle>
	</Label>
	<Data Definition="0">
		<Name>data</Name>
		<BaseNumbering>Base36</BaseNumbering>
		<FieldWidth>10</FieldWidth>
		<StepSize>1</StepSize>
		<StartingSerialNumber>000000005F</StartingSerialNumber>
		<MaxSequenceValue>5Y</MaxSequenceValue>
		<RollOverValue>50</RollOverValue>
		<CheckDigit>NONE</CheckDigit>
		<AllowDuplicates>NO</AllowDuplicates>
		<Static>NO</Static>
	</Data>
	<Template Name="test4.zpl">
		<HumanReadableVariables id="0">
			<Name>zopp2</Name>
			<Prefix></Prefix>
			<Suffix></Suffix>
			<Data>data</Data>
		</HumanReadableVariables>
	</Template></Job>
