<?xml version="1.0"?>
<!--JoTS XML Job File.-->
<Job created="date">
	<Name>testhr</Name>
	<Company></Company>
	<Product></Product>
	<Reprints>1</Reprints>
	<ReScans>1</ReScans>
	<Label id="0">
		<PrintOrder>1</PrintOrder>
		<TemplateName>test4.zpl</TemplateName>
		<ScanLabel>NO</ScanLabel>
		<VerifyLabel>NO</VerifyLabel>
		<RotationAngle>0</RotationAngle>
	</Label>
	<Data Definition="0">
		<Name>fdsfds</Name>
		<BaseNumbering>Base10</BaseNumbering>
		<FieldWidth>4</FieldWidth>
		<StepSize>1</StepSize>
		<StartingSerialNumber>0007</StartingSerialNumber>
		<MaxSequenceValue>8</MaxSequenceValue>
		<RollOverValue>3</RollOverValue>
		<CheckDigit>NONE</CheckDigit>
		<AllowDuplicates>NO</AllowDuplicates>
		<Static>NO</Static>
	</Data>
	<Template Name="test4.zpl">
		<HumanReadableVariables id="0">
			<Name>zopp1</Name>
			<Prefix>a</Prefix>
			<Suffix>b</Suffix>
			<Data>fdsfds</Data>
		</HumanReadableVariables>
	</Template></Job>
