<?xml version="1.0" encoding="UTF-8"?>
<Job>
	<Name>FSD1109</Name>
	<Company>Company Success</Company>
	<Product>Microplate</Product>
	<IntegrityChecks>
		<LabelCount>2</LabelCount>
		<DataSeries>2</DataSeries>
		<BCVarsCount>3</BCVarsCount>
		<HRVarsCount>4</HRVarsCount>
	</IntegrityChecks>
	<LogData>Yes</LogData>
	<Label id="1">
		<PrintOrder>4</PrintOrder>
		<TemplateName>Test1.zpl</TemplateName>
		<ScanLabel>YES</ScanLabel>
		<Reprints>1</Reprints>
		<ReScans>2</ReScans>
	</Label>
	<Label id="2">
		<PrintOrder>7</PrintOrder>
		<TemplateName>Test2.zpl</TemplateName>
		<ScanLabel>NO</ScanLabel>
		<Reprints>2</Reprints>
		<ReScans>1</ReScans>
	</Label>
	<Data Definition="1">
		<Name>Alpha2</Name>
		<BaseNumbering>Base10</BaseNumbering>
		<FieldWidth>9</FieldWidth>
		<StartingSerialNumber>50000</StartingSerialNumber>
		<MaxSequenceValue>7500</MaxSequenceValue>
		<RollOverValue>70000</RollOverValue>
		<CheckDigit>No</CheckDigit>
		<AllowDuplicates>YES</AllowDuplicates>
		<Static>NO</Static>
	</Data>
	<Data Definition="2">
		<Name>BETA</Name>
		<BaseNumbering>Base10</BaseNumbering>
		<FieldWidth>12</FieldWidth>
		<StartingSerialNumber>70000</StartingSerialNumber>
		<MaxSequenceValue>50000</MaxSequenceValue>
		<RollOverValue>88888</RollOverValue>
		<CheckDigit>NO</CheckDigit>
		<AllowDuplicates>YES</AllowDuplicates>
		<Static>No</Static>
	</Data>
	<BarCodeVariables id="1">
		<Name>Var1</Name>
		<Prefix>a</Prefix>
		<Suffix>b</Suffix>
		<Data>BETA</Data>
	</BarCodeVariables>
	<BarCodeVariables id="2">
		<Name>Var2</Name>
		<Prefix>c</Prefix>
		<Suffix>d</Suffix>
		<Data>BETA</Data>
	</BarCodeVariables>
	<BarCodeVariables id="3">
		<Name>Var3</Name>
		<Prefix></Prefix>
		<Suffix></Suffix>
		<Data>BETA</Data>
	</BarCodeVariables>
	<HumanReadableVariables id="1">
		<Name>Var1</Name>
		<Prefix>e</Prefix>
		<Suffix>f</Suffix>
		<Data>BETA</Data>
	</HumanReadableVariables>
	<HumanReadableVariables id="2">
		<Name>Var2</Name>
		<Prefix>g</Prefix>
		<Suffix>h</Suffix>
		<Data>BETA</Data>
	</HumanReadableVariables>
	<HumanReadableVariables id="3">
		<Name>Var3</Name>
		<Prefix></Prefix>
		<Suffix></Suffix>
		<Data>BETA</Data>
	</HumanReadableVariables>
	<HumanReadableVariables id="4">
		<Name>Var4</Name>
		<Prefix></Prefix>
		<Suffix></Suffix>
		<Data>BETA</Data>
	</HumanReadableVariables>
</Job>
