<?xml version="1.0" encoding="UTF-8"?>
<Job>
	<Name>FSD1109</Name>
	<Company>Company Success</Company>
	<Product>Microplate</Product>
	<Reprints>1</Reprints>
	<ReScans>2</ReScans>
	<IntegrityChecks>
		<LabelCount>2</LabelCount>
		<DataSeries>2</DataSeries>
		<BCVarsCount>3</BCVarsCount>
		<HRVarsCount>4</HRVarsCount>
	</IntegrityChecks>
	<LogData>Yes</LogData>
	<Label id="1">
		<PrintOrder>1</PrintOrder>
		<TemplateName>Test1.zpl</TemplateName>
		<ScanLabel>YES</ScanLabel>
		<RotationAngle>0</RotationAngle>
	</Label>
	<Label id="2">
		<PrintOrder>2</PrintOrder>
		<TemplateName>Test2.zpl</TemplateName>
		<ScanLabel>NO</ScanLabel>
		<VerifyLabel>Yes</VerifyLabel>
		<RotationAngle>90</RotationAngle>
	</Label>
	<Data Definition="1">
		<Name>Alpha2</Name>
		<BaseNumbering>Base10</BaseNumbering>
		<FieldWidth>9</FieldWidth>
		<StartingSerialNumber>50000</StartingSerialNumber>
		<MaxSequenceValue>7500</MaxSequenceValue>
		<RollOverValue>70000</RollOverValue>
		<CheckDigit>No</CheckDigit>
		<AllowDuplicates>YES</AllowDuplicates>
		<Static>NO</Static>
	</Data>
	<Data Definition="2">
		<Name>BETA</Name>
		<BaseNumbering>Base10</BaseNumbering>
		<FieldWidth>12</FieldWidth>
		<StartingSerialNumber>70000</StartingSerialNumber>
		<MaxSequenceValue>50000</MaxSequenceValue>
		<RollOverValue>88888</RollOverValue>
		<CheckDigit>NO</CheckDigit>
		<AllowDuplicates>YES</AllowDuplicates>
		<Static>No</Static>
	</Data>
	<Template Name="templ1.zpl">
		<BarCodeVariables id="1">
			<Name>Var2</Name>
			<Prefix>g</Prefix>
			<Suffix>g</Suffix>
			<Data>BETA</Data>
		</BarCodeVariables>
		<BarCodeVariables id="2">
			<Name>Var3</Name>
			<Prefix>g</Prefix>
			<Suffix>e</Suffix>
			<Data>BETA</Data>
		</BarCodeVariables>
		<HumanReadableVariables id="1">
			<Name>Var2</Name>
			<Prefix>h</Prefix>
			<Suffix>h</Suffix>
			<Data>BETA</Data>
		</HumanReadableVariables>
		<HumanReadableVariables id="2">
			<Name>Var3</Name>
			<Prefix>g</Prefix>
			<Suffix>e</Suffix>
			<Data>BETA</Data>
		</HumanReadableVariables>
		<HumanReadableVariables id="3">
			<Name></Name>
			<Prefix></Prefix>
			<Suffix></Suffix>
			<Data></Data>
		</HumanReadableVariables>
		<HumanReadableVariables id="4">
			<Name></Name>
			<Prefix></Prefix>
			<Suffix></Suffix>
			<Data></Data>
		</HumanReadableVariables>
	</Template>
	<Template Name="templ2.zpl">
		<BarCodeVariables id="1">
			<Name>Var222222</Name>
			<Prefix>i</Prefix>
			<Suffix>i</Suffix>
			<Data>BETA</Data>
		</BarCodeVariables>
		<BarCodeVariables id="2">
			<Name>Var3</Name>
			<Prefix>hh</Prefix>
			<Suffix>hh</Suffix>
			<Data>BETA</Data>
		</BarCodeVariables>
		<HumanReadableVariables id="1">
			<Name>Var222222</Name>
			<Prefix>k</Prefix>
			<Suffix>k</Suffix>
			<Data>BETA</Data>
		</HumanReadableVariables>
		<HumanReadableVariables id="2">
			<Name>Var3</Name>
			<Prefix>hh</Prefix>
			<Suffix>hh</Suffix>
			<Data>BETA</Data>
		</HumanReadableVariables>
		<HumanReadableVariables id="3">
			<Name></Name>
			<Prefix></Prefix>
			<Suffix></Suffix>
			<Data></Data>
		</HumanReadableVariables>
		<HumanReadableVariables id="4">
			<Name></Name>
			<Prefix></Prefix>
			<Suffix></Suffix>
			<Data></Data>
		</HumanReadableVariables>
	</Template>
</Job>
