<?xml version="1.0"?>
<!--JoTS XML Job File.-->
<Job created="date">
	<Name>New Job Name</Name>
	<Company>Customer Name</Company>
	<Product>Product Description</Product>
	<Label id="0">
		<PrintOrder>0</PrintOrder>
		<TemplateName>Test</TemplateName>
		<ScanLabel>YES</ScanLabel>
		<Reprints>1</Reprints>
		<ReScans>1</ReScans>
	</Label>
	<Label id="1">
		<PrintOrder>1</PrintOrder>
		<TemplateName>Test</TemplateName>
		<ScanLabel>YES</ScanLabel>
		<Reprints>1</Reprints>
		<ReScans>1</ReScans>
	</Label>
	<Label id="2">
		<PrintOrder>2</PrintOrder>
		<TemplateName>Test</TemplateName>
		<ScanLabel>YES</ScanLabel>
		<Reprints>1</Reprints>
		<ReScans>1</ReScans>
	</Label>
	<Label id="3">
		<PrintOrder>3</PrintOrder>
		<TemplateName>Test</TemplateName>
		<ScanLabel>YES</ScanLabel>
		<Reprints>1</Reprints>
		<ReScans>1</ReScans>
	</Label>
	<Label id="4">
		<PrintOrder>4</PrintOrder>
		<TemplateName>Test</TemplateName>
		<ScanLabel>YES</ScanLabel>
		<Reprints>1</Reprints>
		<ReScans>1</ReScans>
	</Label>
	<Data Definition="0">
		<Name>Alpha0</Name>
		<BaseNumbering>Base10</BaseNumbering>
		<FieldWidth>9</FieldWidth>
		<StartingSerialNumber>100000</StartingSerialNumber>
		<MaxSequenceValue>999999</MaxSequenceValue>
		<RollOverValue>100000</RollOverValue>
		<CheckDigit>No</CheckDigit>
		<AllowDuplicates>No</AllowDuplicates>
		<Static>Yes</Static>
	</Data>
	<Data Definition="1">
		<Name>Alpha1</Name>
		<BaseNumbering>Base10</BaseNumbering>
		<FieldWidth>9</FieldWidth>
		<StartingSerialNumber>100000</StartingSerialNumber>
		<MaxSequenceValue>999999</MaxSequenceValue>
		<RollOverValue>100000</RollOverValue>
		<CheckDigit>No</CheckDigit>
		<AllowDuplicates>No</AllowDuplicates>
		<Static>Yes</Static>
	</Data>
	<Data Definition="2">
		<Name>Alpha2</Name>
		<BaseNumbering>Base10</BaseNumbering>
		<FieldWidth>9</FieldWidth>
		<StartingSerialNumber>100000</StartingSerialNumber>
		<MaxSequenceValue>999999</MaxSequenceValue>
		<RollOverValue>100000</RollOverValue>
		<CheckDigit>No</CheckDigit>
		<AllowDuplicates>No</AllowDuplicates>
		<Static>Yes</Static>
	</Data>
	<Data Definition="3">
		<Name>Alpha3</Name>
		<BaseNumbering>Base10</BaseNumbering>
		<FieldWidth>9</FieldWidth>
		<StartingSerialNumber>100000</StartingSerialNumber>
		<MaxSequenceValue>999999</MaxSequenceValue>
		<RollOverValue>100000</RollOverValue>
		<CheckDigit>No</CheckDigit>
		<AllowDuplicates>No</AllowDuplicates>
		<Static>Yes</Static>
	</Data>
	<Data Definition="4">
		<Name>Alpha4</Name>
		<BaseNumbering>Base10</BaseNumbering>
		<FieldWidth>9</FieldWidth>
		<StartingSerialNumber>100000</StartingSerialNumber>
		<MaxSequenceValue>999999</MaxSequenceValue>
		<RollOverValue>100000</RollOverValue>
		<CheckDigit>No</CheckDigit>
		<AllowDuplicates>No</AllowDuplicates>
		<Static>Yes</Static>
	</Data>
	<BarCodeVariables id="0">
		<Name>Var0</Name>
		<Prefix>preA</Prefix>
		<Suffix>suf0</Suffix>
		<Data>data0</Data>
	</BarCodeVariables>
	<BarCodeVariables id="1">
		<Name>Var1</Name>
		<Prefix>pre1</Prefix>
		<Suffix>suf1</Suffix>
		<Data>data1</Data>
	</BarCodeVariables>
	<BarCodeVariables id="2">
		<Name>Var2</Name>
		<Prefix>pre2</Prefix>
		<Suffix>suf2</Suffix>
		<Data>data2</Data>
	</BarCodeVariables>
	<BarCodeVariables id="3">
		<Name>Var3</Name>
		<Prefix>pre3</Prefix>
		<Suffix>suf3</Suffix>
		<Data>data3</Data>
	</BarCodeVariables>
	<BarCodeVariables id="4">
		<Name>Var4</Name>
		<Prefix>pre4</Prefix>
		<Suffix>suf4</Suffix>
		<Data>data4</Data>
	</BarCodeVariables>
	<HumanReadableVariables id="0">
		<Name>Var0</Name>
		<Prefix>pre0</Prefix>
		<Suffix>suf0</Suffix>
		<Data>data0</Data>
	</HumanReadableVariables>
	<HumanReadableVariables id="1">
		<Name>Var1</Name>
		<Prefix>pre1</Prefix>
		<Suffix>suf1</Suffix>
		<Data>data1</Data>
	</HumanReadableVariables>
	<HumanReadableVariables id="2">
		<Name>Var2</Name>
		<Prefix>pre2</Prefix>
		<Suffix>suf2</Suffix>
		<Data>data2</Data>
	</HumanReadableVariables>
	<HumanReadableVariables id="3">
		<Name>Var3</Name>
		<Prefix>pre3</Prefix>
		<Suffix>suf3</Suffix>
		<Data>data3</Data>
	</HumanReadableVariables>
	<HumanReadableVariables id="4">
		<Name>Var4</Name>
		<Prefix>pre4</Prefix>
		<Suffix>suf4</Suffix>
		<Data>data4</Data>
	</HumanReadableVariables>
</Job>
