<?xml version="1.0"?>
<!--JoTS XML Job File.-->
<Job created="date">
	<Name>s15</Name>
	<Company></Company>
	<Product></Product>
	<Label id="0">
		<PrintOrder></PrintOrder>
		<TemplateName>test1.zpl</TemplateName>
		<ScanLabel>NO</ScanLabel>
		<Reprints></Reprints>
		<ReScans></ReScans>
	</Label>
	<Data Definition="0">
		<Name>fdgfd</Name>
		<BaseNumbering>BASE10</BaseNumbering>
		<FieldWidth></FieldWidth>
		<StartingSerialNumber></StartingSerialNumber>
		<MaxSequenceValue></MaxSequenceValue>
		<RollOverValue></RollOverValue>
		<CheckDigit>NONE</CheckDigit>
		<AllowDuplicates></AllowDuplicates>
		<Static></Static>
	</Data>
	<Template Name="test1.zpl">
		<BarCodeVariables Name="0">
			<Name>VAR1</Name>
			<Prefix></Prefix>
			<Suffix></Suffix>
			<Data>fdgfd</Data>
		</BarCodeVariables>
		<BarCodeVariables Name="1">
			<Name>VAR2</Name>
			<Prefix></Prefix>
			<Suffix></Suffix>
			<Data>fdgfd</Data>
		</BarCodeVariables>
		<HumanReadableVariables id="0">
			<Name>VAR1</Name>
			<Prefix></Prefix>
			<Suffix></Suffix>
			<Data>fdgfd</Data>
		</HumanReadableVariables>
		<HumanReadableVariables id="1">
			<Name>VAR2</Name>
			<Prefix></Prefix>
			<Suffix></Suffix>
			<Data>fdgfd</Data>
		</HumanReadableVariables>
		<HumanReadableVariables id="2">
			<Name>VAR3</Name>
			<Prefix></Prefix>
			<Suffix></Suffix>
			<Data>fdgfd</Data>
		</HumanReadableVariables>
		<HumanReadableVariables id="3">
			<Name>VAR4</Name>
			<Prefix></Prefix>
			<Suffix></Suffix>
			<Data>fdgfd</Data>
		</HumanReadableVariables>
		<HumanReadableVariables id="4">
			<Name>AUX1</Name>
			<Prefix></Prefix>
			<Suffix></Suffix>
			<Data>fdgfd</Data>
		</HumanReadableVariables>
	</Template>
</Job>
