<?xml version="1.0"?>
<!--JoTS XML Job File.-->
<Job created="date">
	<Name>s16</Name>
	<Company>customer test</Company>
	<Product>product test</Product>
	<Label id="0">
		<PrintOrder></PrintOrder>
		<TemplateName>test1.zpl</TemplateName>
		<ScanLabel>YES</ScanLabel>
		<Reprints></Reprints>
		<ReScans></ReScans>
	</Label>
	<Data Definition="0">
		<Name>series 1</Name>
		<BaseNumbering>BASE10</BaseNumbering>
		<FieldWidth>6</FieldWidth>
		<StartingSerialNumber>10000</StartingSerialNumber>
		<MaxSequenceValue>50000</MaxSequenceValue>
		<RollOverValue>800000</RollOverValue>
		<CheckDigit>NONE</CheckDigit>
		<AllowDuplicates></AllowDuplicates>
		<Static></Static>
	</Data>
	<Template Name="test1.zpl">
		<BarCodeVariables Name="0">
			<Name>VAR1</Name>
			<Prefix>a</Prefix>
			<Suffix>b</Suffix>
			<Data>series 1</Data>
		</BarCodeVariables>
		<BarCodeVariables Name="1">
			<Name>VAR2</Name>
			<Prefix>c</Prefix>
			<Suffix>d</Suffix>
			<Data>series 1</Data>
		</BarCodeVariables>
		<HumanReadableVariables id="0">
			<Name>VAR1</Name>
			<Prefix>a</Prefix>
			<Suffix>b</Suffix>
			<Data>series 1</Data>
		</HumanReadableVariables>
		<HumanReadableVariables id="1">
			<Name>VAR2</Name>
			<Prefix>c</Prefix>
			<Suffix>d</Suffix>
			<Data>series 1</Data>
		</HumanReadableVariables>
		<HumanReadableVariables id="2">
			<Name>VAR3</Name>
			<Prefix>e</Prefix>
			<Suffix>f</Suffix>
			<Data>series 1</Data>
		</HumanReadableVariables>
		<HumanReadableVariables id="3">
			<Name>VAR4</Name>
			<Prefix>g</Prefix>
			<Suffix>h</Suffix>
			<Data>series 1</Data>
		</HumanReadableVariables>
		<HumanReadableVariables id="4">
			<Name>AUX1</Name>
			<Prefix>i</Prefix>
			<Suffix>j</Suffix>
			<Data>series 1</Data>
		</HumanReadableVariables>
	</Template>
</Job>
